{"cameraMode":{"drawMode":0,"name":"Shaded","section":"Shading Mode"},"sceneLighting":true,"audioPlay":false,"sceneViewState":{"showFog":true,"showMaterialUpdate":false,"showSkybox":true,"showFlares":true,"showImageEffects":true,"showParticleSystems":true},"in2DMode":false,"pivot":{"x":5.436112880706787,"y":2.553657293319702,"z":-2.2868542671203615},"rotation":{"x":0.30926039814949038,"y":-0.5554028749465942,"z":0.23334001004695893,"w":0.735874593257904},"size":5.750933647155762,"orthographic":false}