{"cameraMode":{"drawMode":0,"name":"Shaded","section":"Shading Mode"},"sceneLighting":false,"audioPlay":false,"sceneViewState":{"showFog":true,"showMaterialUpdate":false,"showSkybox":false,"showFlares":true,"showImageEffects":true,"showParticleSystems":true},"in2DMode":false,"pivot":{"x":2.7414512634277345,"y":1.672124981880188,"z":1.054483413696289},"rotation":{"x":-0.03549842908978462,"y":0.9604116082191467,"z":-0.2353435605764389,"w":-0.14485441148281098},"size":1.7804440259933472,"orthographic":false}