{"cameraMode":{"drawMode":0,"name":"Shaded","section":"Shading Mode"},"sceneLighting":false,"audioPlay":false,"sceneViewState":{"showFog":true,"showMaterialUpdate":false,"showSkybox":false,"showFlares":true,"showImageEffects":true,"showParticleSystems":true},"in2DMode":false,"pivot":{"x":1.8208587169647217,"y":1.5422885417938233,"z":1.4094915390014649},"rotation":{"x":-0.08589009940624237,"y":0.8903718590736389,"z":-0.18866747617721559,"w":-0.4053267538547516},"size":1.7804440259933472,"orthographic":false}