{"cameraMode":{"drawMode":0,"name":"Shaded","section":"Shading Mode"},"sceneLighting":true,"audioPlay":false,"sceneViewState":{"showFog":true,"showMaterialUpdate":false,"showSkybox":true,"showFlares":true,"showImageEffects":true,"showParticleSystems":true},"in2DMode":false,"pivot":{"x":2.2021141052246095,"y":10.713703155517579,"z":-9.013004302978516},"rotation":{"x":0.2770938277244568,"y":0.017287690192461015,"z":-0.0049879951402544979,"w":0.9606943130493164},"size":4.453492641448975,"orthographic":false}